Name,Age,Gender,Country,Occupation,Annual_Income
Person_1,64,Male,UK,Doctor,88026
Person_2,29,Female,UK,Teacher,141668
Person_3,79,Female,Australia,Engineer,131628
Person_4,33,Female,Australia,Artist,45518
Person_5,41,Male,France,Student,44045
Person_6,36,Male,UK,Doctor,70876
Person_7,25,Male,France,Engineer,112446
Person_8,48,Female,Japan,Teacher,110102
Person_9,38,Female,France,Manager,71919
Person_10,34,Female,Australia,Developer,119441
Person_11,40,Male,Canada,Manager,47103
Person_12,54,Other,France,Manager,138805
Person_13,71,Female,India,Doctor,56188
Person_14,33,Male,Canada,Nurse,25845
Person_15,23,Male,UK,Nurse,106698
Person_16,25,Male,UK,Teacher,56674
Person_17,42,Male,France,Student,138325
Person_18,35,Female,Canada,Nurse,39337
Person_19,42,Male,Australia,Manager,42313
Person_20,29,Male,Australia,Nurse,46943
Person_21,32,Female,Germany,Manager,97949
Person_22,76,Male,UK,Artist,20276
Person_23,43,Male,USA,Doctor,71151
Person_24,58,Male,Germany,Doctor,37611
Person_25,62,Male,Australia,Student,124641
Person_26,43,Female,Canada,Nurse,31944
Person_27,64,Male,Japan,Nurse,72887
Person_28,49,Female,Australia,Developer,101442
Person_29,27,Female,Canada,Engineer,69847
Person_30,33,Male,Germany,Artist,78653
Person_31,24,Female,UK,Doctor,106072
Person_32,34,Male,Australia,Artist,142589
Person_33,40,Male,France,Doctor,76622
Person_34,43,Female,Canada,Artist,47810
Person_35,38,Other,UK,Teacher,97842
Person_36,39,Female,Japan,Manager,142225
Person_37,75,Male,Japan,Doctor,30503
Person_38,24,Male,USA,Artist,104761
Person_39,31,Female,Canada,Nurse,56976
Person_40,32,Male,Germany,Engineer,146439
Person_41,70,Male,USA,Teacher,31590
Person_42,24,Female,USA,Teacher,143421
Person_43,26,Male,India,Engineer,30886
Person_44,68,Female,Australia,Artist,32866
Person_45,65,Male,Canada,Nurse,86624
Person_46,25,Female,USA,Student,88899
Person_47,67,Male,India,Engineer,52792
Person_48,76,Female,Germany,Artist,29764
Person_49,40,Female,UK,Engineer,140832
Person_50,46,Male,France,Engineer,145838
Person_51,35,Other,France,Doctor,140356
Person_52,48,Female,Canada,Artist,106156
Person_53,47,Female,USA,Student,62727
Person_54,69,Female,France,Manager,98471
Person_55,56,Female,Australia,Doctor,28068
Person_56,52,Female,France,Engineer,136923
Person_57,35,Male,France,Manager,27295
Person_58,76,Male,France,Developer,61160
Person_59,59,Male,Japan,Manager,31390
Person_60,56,Male,India,Engineer,126752
Person_61,34,Male,USA,Engineer,40131
Person_62,31,Male,Australia,Nurse,114754
Person_63,48,Female,USA,Artist,95969
Person_64,41,Male,Japan,Artist,35038
Person_65,52,Male,Canada,Doctor,72327
Person_66,61,Female,Canada,Student,113718
Person_67,77,Male,Canada,Doctor,97064
Person_68,62,Female,Germany,Teacher,41281
Person_69,51,Male,France,Engineer,74189
Person_70,20,Other,Germany,Manager,68511
Person_71,54,Female,India,Developer,142115
Person_72,60,Male,Canada,Engineer,28605
Person_73,57,Male,Japan,Engineer,120318
Person_74,43,Female,Australia,Doctor,21381
Person_75,72,Female,USA,Developer,86634
Person_76,40,Female,France,Developer,39810
Person_77,61,Female,UK,Developer,138343
Person_78,56,Male,Australia,Doctor,44322
Person_79,32,Male,France,Engineer,61869
Person_80,73,Male,Germany,Doctor,52955
Person_81,66,Female,Germany,Artist,81388
Person_82,21,Female,Australia,Artist,130252
Person_83,46,Male,Germany,Doctor,30207
Person_84,39,Male,Canada,Developer,107329
Person_85,42,Male,India,Nurse,87628
Person_86,30,Male,USA,Engineer,48220
Person_87,35,Female,India,Doctor,104050
Person_88,50,Female,France,Doctor,123546
Person_89,33,Female,USA,Doctor,94085
Person_90,62,Male,Japan,Nurse,42031
Person_91,59,Male,USA,Nurse,90721
Person_92,61,Female,India,Teacher,100807
Person_93,79,Female,Australia,Artist,91312
Person_94,19,Female,USA,Manager,79766
Person_95,72,Female,Japan,Developer,32449
Person_96,52,Female,Japan,Student,109833
Person_97,59,Female,Japan,Nurse,76699
Person_98,51,Male,India,Manager,126127
Person_99,47,Male,USA,Nurse,101253
Person_100,76,Male,UK,Developer,125659
Person_101,72,Male,Australia,Student,124769
Person_102,30,Female,Canada,Teacher,131041
Person_103,30,Male,USA,Doctor,136185
Person_104,35,Female,Japan,Teacher,66092
Person_105,49,Female,UK,Nurse,83671
Person_106,49,Male,Canada,Teacher,30350
Person_107,52,Male,Canada,Manager,116158
Person_108,76,Female,France,Engineer,120859
Person_109,56,Male,USA,Nurse,140097
Person_110,63,Male,India,Nurse,145222
Person_111,69,Male,USA,Manager,88487
Person_112,46,Male,UK,Artist,37622
Person_113,79,Female,Canada,Student,143853
Person_114,66,Female,USA,Doctor,90263
Person_115,46,Female,India,Manager,73117
Person_116,79,Female,France,Student,123990
Person_117,70,Female,USA,Developer,78394
Person_118,61,Male,Australia,Student,122005
Person_119,74,Female,France,Developer,121084
Person_120,33,Female,India,Manager,43782
Person_121,73,Female,UK,Nurse,136276
Person_122,61,Female,Canada,Nurse,48454
Person_123,64,Male,USA,Artist,87904
Person_124,74,Male,India,Manager,149936
Person_125,27,Male,France,Developer,35592
Person_126,47,Male,Australia,Student,42173
Person_127,42,Female,India,Student,53204
Person_128,56,Female,Germany,Developer,55596
Person_129,37,Male,Japan,Teacher,54324
Person_130,22,Female,Australia,Artist,142258
Person_131,18,Male,France,Engineer,131668
Person_132,47,Male,UK,Nurse,81202
Person_133,66,Male,Canada,Doctor,109400
Person_134,20,Male,France,Student,144184
Person_135,62,Female,Japan,Doctor,133365
Person_136,31,Male,UK,Engineer,50750
Person_137,73,Female,USA,Manager,96112
Person_138,47,Female,India,Doctor,36566
Person_139,67,Male,Germany,Engineer,27190
Person_140,21,Other,Australia,Nurse,108607
Person_141,35,Other,Australia,Developer,58333
Person_142,79,Male,India,Teacher,141929
Person_143,54,Female,Germany,Nurse,100905
Person_144,42,Male,India,Student,109571
Person_145,65,Male,USA,Engineer,140263
Person_146,18,Male,Japan,Doctor,21589
Person_147,70,Female,UK,Student,144467
Person_148,63,Female,France,Teacher,45235
Person_149,32,Male,Australia,Developer,20159
Person_150,26,Male,USA,Manager,32145
Person_151,32,Female,UK,Student,100909
Person_152,66,Male,USA,Manager,51921
Person_153,74,Male,Germany,Engineer,124859
Person_154,41,Female,Australia,Teacher,36237
Person_155,21,Other,France,Doctor,127507
Person_156,29,Male,India,Teacher,28244
Person_157,76,Female,India,Teacher,34743
Person_158,75,Female,UK,Artist,117102
Person_159,54,Male,France,Teacher,66101
Person_160,78,Female,Japan,Teacher,131645
Person_161,54,Male,Canada,Nurse,141534
Person_162,60,Female,Germany,Student,104227
Person_163,77,Female,UK,Doctor,119532
Person_164,23,Female,Canada,Nurse,76378
Person_165,56,Male,USA,Nurse,91126
Person_166,73,Female,Germany,Student,76071
Person_167,63,Male,USA,Student,91121
Person_168,41,Male,Japan,Engineer,94763
Person_169,28,Male,France,Student,113814
Person_170,79,Female,Australia,Artist,124350
Person_171,30,Female,Germany,Artist,32237
Person_172,51,Male,Canada,Nurse,35649
Person_173,42,Female,Japan,Manager,57713
Person_174,24,Male,Australia,Engineer,93463
Person_175,69,Female,India,Manager,65409
Person_176,21,Male,Canada,Manager,68766
Person_177,76,Female,UK,Nurse,66154
Person_178,25,Male,India,Developer,27016
Person_179,37,Female,Japan,Nurse,99563
Person_180,46,Male,India,Doctor,68688
Person_181,71,Male,UK,Doctor,109678
Person_182,70,Male,Germany,Student,132056
Person_183,68,Female,India,Student,74238
Person_184,62,Female,France,Developer,78608
Person_185,63,Male,Canada,Student,109081
Person_186,27,Female,Australia,Doctor,136572
Person_187,60,Female,India,Manager,51897
Person_188,51,Female,Canada,Nurse,70961
Person_189,74,Female,USA,Teacher,88703
Person_190,43,Male,Canada,Artist,64757
Person_191,58,Male,Australia,Teacher,46917
Person_192,66,Female,Canada,Teacher,42736
Person_193,75,Female,UK,Doctor,47990
Person_194,20,Female,Japan,Teacher,82551
Person_195,73,Male,Australia,Nurse,78161
Person_196,23,Male,Japan,Developer,99623
Person_197,22,Female,Germany,Engineer,42440
Person_198,22,Female,Japan,Student,55205
Person_199,71,Female,USA,Engineer,141156
Person_200,64,Female,UK,Manager,100811
Person_201,40,Female,Germany,Nurse,143768
Person_202,66,Male,Canada,Nurse,75103
Person_203,26,Male,Australia,Artist,90812
Person_204,52,Female,USA,Nurse,61627
Person_205,37,Female,UK,Student,126122
Person_206,75,Male,Germany,Nurse,123032
Person_207,66,Male,Germany,Teacher,39008
Person_208,78,Female,USA,Artist,91274
Person_209,76,Male,France,Student,52402
Person_210,59,Male,Canada,Developer,73384
Person_211,52,Female,USA,Developer,148922
Person_212,67,Female,Germany,Developer,25793
Person_213,35,Female,India,Developer,122827
Person_214,79,Male,UK,Teacher,25571
Person_215,34,Female,USA,Nurse,116867
Person_216,41,Male,France,Engineer,36209
Person_217,20,Male,Germany,Student,133550
Person_218,49,Female,Canada,Teacher,110930
Person_219,52,Female,Japan,Developer,63148
Person_220,55,Female,Germany,Manager,111218
Person_221,30,Female,Canada,Nurse,22224
Person_222,73,Female,USA,Engineer,126693
Person_223,78,Male,Canada,Manager,145551
Person_224,64,Male,Australia,Artist,68695
Person_225,42,Male,Australia,Manager,140779
Person_226,26,Male,Australia,Artist,149714
Person_227,21,Other,France,Artist,129988
Person_228,31,Male,France,Developer,128944
Person_229,54,Female,India,Artist,52441
Person_230,51,Female,France,Doctor,126966
Person_231,28,Female,Japan,Student,59129
Person_232,58,Female,USA,Student,120252
Person_233,73,Female,Germany,Developer,82368
Person_234,20,Female,Germany,Doctor,130395
Person_235,76,Male,India,Manager,112122
Person_236,45,Female,France,Teacher,64760
Person_237,46,Male,Japan,Manager,149655
Person_238,26,Male,Canada,Nurse,43478
Person_239,20,Female,India,Teacher,147881
Person_240,42,Male,Japan,Artist,91854
Person_241,51,Female,Canada,Engineer,114230
Person_242,29,Female,Japan,Teacher,105716
Person_243,59,Female,Canada,Engineer,32180
Person_244,26,Male,UK,Student,118538
Person_245,32,Male,Japan,Engineer,35372
Person_246,57,Female,Germany,Student,49796
Person_247,42,Male,Australia,Doctor,78272
Person_248,22,Other,France,Doctor,138295
Person_249,28,Other,Canada,Developer,109963
Person_250,76,Female,UK,Developer,118826
Person_251,51,Male,Japan,Artist,140592
Person_252,41,Male,Germany,Teacher,113635
Person_253,77,Female,Australia,Artist,131022
Person_254,32,Male,Canada,Student,74040
Person_255,55,Male,Japan,Artist,95357
Person_256,25,Female,Japan,Engineer,91368
Person_257,76,Female,Canada,Student,98356
Person_258,22,Female,India,Developer,36211
Person_259,65,Female,India,Doctor,125426
Person_260,43,Male,Germany,Developer,25842
Person_261,35,Female,Australia,Teacher,83115
Person_262,23,Other,Canada,Student,86852
Person_263,54,Male,Germany,Student,145737
Person_264,77,Female,Germany,Engineer,65968
Person_265,65,Female,USA,Teacher,37508
Person_266,30,Female,Japan,Doctor,42005
Person_267,45,Female,France,Manager,74575
Person_268,22,Female,Japan,Student,100742
Person_269,30,Male,India,Student,38971
Person_270,34,Male,Australia,Engineer,45599
Person_271,67,Female,Japan,Artist,107592
Person_272,57,Female,Canada,Nurse,86914
Person_273,62,Female,Germany,Doctor,138062
Person_274,49,Female,Canada,Developer,87055
Person_275,79,Female,USA,Teacher,107697
Person_276,46,Female,Australia,Student,126239
Person_277,68,Female,Germany,Student,124397
Person_278,75,Female,Canada,Developer,143106
Person_279,20,Female,India,Doctor,25355
Person_280,73,Female,France,Nurse,74120
Person_281,57,Female,USA,Artist,94619
Person_282,51,Male,Australia,Student,58342
Person_283,57,Male,USA,Nurse,105992
Person_284,44,Male,India,Doctor,98860
Person_285,30,Female,Australia,Developer,22257
Person_286,62,Male,USA,Engineer,47364
Person_287,50,Male,UK,Artist,44972
Person_288,23,Female,India,Teacher,131715
Person_289,41,Male,India,Student,46654
Person_290,36,Female,India,Doctor,100769
Person_291,33,Male,UK,Engineer,101423
Person_292,57,Male,UK,Teacher,49320
Person_293,45,Female,Canada,Manager,40808
Person_294,50,Male,Germany,Doctor,72389
Person_295,76,Male,France,Doctor,115690
Person_296,76,Female,USA,Teacher,138581
Person_297,65,Female,Canada,Engineer,147927
Person_298,58,Male,USA,Manager,54773
Person_299,30,Female,France,Nurse,71168
Person_300,60,Male,Germany,Nurse,47747
Person_301,62,Male,UK,Developer,96396
Person_302,42,Female,Germany,Engineer,128374
Person_303,70,Female,UK,Artist,127692
Person_304,59,Female,France,Student,103692
Person_305,53,Female,Germany,Teacher,77505
Person_306,44,Other,Canada,Developer,105896
Person_307,55,Female,Australia,Manager,38135
Person_308,77,Male,Canada,Teacher,110887
Person_309,24,Female,USA,Teacher,142118
Person_310,22,Male,Canada,Engineer,116035
Person_311,60,Male,France,Student,67377
Person_312,62,Male,India,Artist,43554
Person_313,75,Male,USA,Nurse,82491
Person_314,74,Other,Germany,Doctor,75621
Person_315,68,Female,USA,Doctor,134667
Person_316,48,Female,Australia,Teacher,78283
Person_317,40,Male,UK,Nurse,105140
Person_318,59,Male,Germany,Nurse,36923
Person_319,27,Male,Japan,Student,67591
Person_320,49,Male,USA,Manager,82261
Person_321,60,Female,Germany,Manager,136149
Person_322,70,Female,Germany,Developer,74336
Person_323,47,Female,Germany,Engineer,94083
Person_324,56,Male,UK,Student,80948
Person_325,48,Female,Japan,Student,129819
Person_326,35,Female,France,Engineer,53002
Person_327,53,Female,Canada,Nurse,100098
Person_328,19,Female,Germany,Manager,136236
Person_329,31,Male,India,Manager,93016
Person_330,30,Male,France,Nurse,46672
Person_331,46,Male,Australia,Manager,24213
Person_332,29,Female,UK,Teacher,30293
Person_333,56,Male,USA,Student,119977
Person_334,19,Male,UK,Doctor,75860
Person_335,49,Male,USA,Engineer,82507
Person_336,30,Male,UK,Manager,77134
Person_337,63,Female,USA,Developer,22100
Person_338,44,Female,Germany,Manager,130153
Person_339,66,Male,Canada,Manager,81997
Person_340,58,Male,USA,Artist,48172
Person_341,34,Female,Japan,Teacher,40132
Person_342,57,Male,USA,Engineer,137861
Person_343,48,Male,India,Artist,38199
Person_344,51,Male,USA,Artist,56609
Person_345,77,Male,India,Developer,62965
Person_346,41,Female,Australia,Student,28016
Person_347,62,Female,Germany,Developer,59779
Person_348,52,Male,India,Student,122797
Person_349,65,Male,Canada,Student,51881
Person_350,23,Female,France,Engineer,102594
Person_351,36,Female,Germany,Manager,44472
Person_352,47,Female,India,Engineer,126882
Person_353,24,Female,Germany,Teacher,120462
Person_354,27,Male,Japan,Student,71813
Person_355,58,Male,Germany,Artist,120368
Person_356,49,Female,Germany,Manager,146731
Person_357,51,Male,Australia,Doctor,56021
Person_358,45,Female,Canada,Teacher,74131
Person_359,77,Female,UK,Engineer,44087
Person_360,32,Female,UK,Developer,32828
Person_361,47,Male,India,Teacher,81610
Person_362,54,Female,Germany,Teacher,116664
Person_363,46,Male,India,Manager,143619
Person_364,39,Female,Australia,Teacher,21401
Person_365,21,Female,Australia,Teacher,105179
Person_366,37,Male,USA,Doctor,35193
Person_367,49,Other,Japan,Nurse,112389
Person_368,53,Female,Australia,Developer,64864
Person_369,67,Male,USA,Developer,40307
Person_370,21,Male,Canada,Developer,122518
Person_371,44,Male,India,Student,39611
Person_372,34,Male,France,Artist,63791
Person_373,29,Male,Canada,Nurse,31950
Person_374,39,Female,Australia,Developer,96240
Person_375,34,Male,Canada,Teacher,128647
Person_376,27,Male,Canada,Teacher,97403
Person_377,71,Female,Japan,Developer,22745
Person_378,18,Male,Japan,Manager,75243
Person_379,39,Female,Japan,Developer,23866
Person_380,43,Male,Canada,Teacher,52245
Person_381,73,Male,Australia,Student,64724
Person_382,76,Female,France,Engineer,148681
Person_383,35,Female,Germany,Engineer,91354
Person_384,67,Female,Canada,Nurse,71374
Person_385,31,Female,USA,Nurse,134397
Person_386,64,Female,Australia,Developer,137480
Person_387,46,Male,Canada,Doctor,144577
Person_388,29,Male,France,Developer,50116
Person_389,53,Female,Germany,Manager,101029
Person_390,76,Female,Japan,Developer,113574
Person_391,52,Other,Australia,Nurse,40447
Person_392,69,Male,UK,Engineer,50431
Person_393,78,Male,Germany,Teacher,37908
Person_394,29,Female,USA,Developer,49336
Person_395,24,Male,Canada,Teacher,60992
Person_396,46,Female,France,Teacher,75350
Person_397,28,Female,UK,Doctor,89561
Person_398,50,Male,France,Teacher,137254
Person_399,23,Female,UK,Engineer,71955
Person_400,64,Female,Australia,Student,81240
Person_401,32,Male,UK,Student,40093
Person_402,49,Female,USA,Artist,26155
Person_403,68,Female,USA,Manager,66607
Person_404,28,Female,India,Developer,53487
Person_405,75,Male,USA,Manager,133194
Person_406,40,Female,Germany,Engineer,75668
Person_407,43,Male,UK,Teacher,40963
Person_408,51,Male,USA,Student,70124
Person_409,63,Female,Australia,Manager,72870
Person_410,51,Male,France,Engineer,76547
Person_411,46,Male,Japan,Student,84110
Person_412,21,Female,France,Teacher,73554
Person_413,34,Female,India,Manager,40936
Person_414,52,Female,France,Student,136895
Person_415,30,Female,UK,Developer,24426
Person_416,58,Male,India,Nurse,108839
Person_417,56,Male,UK,Developer,130816
Person_418,32,Male,Australia,Artist,47606
Person_419,72,Female,India,Artist,67832
Person_420,46,Female,Canada,Student,48151
Person_421,46,Female,Germany,Nurse,99303
Person_422,28,Female,Germany,Engineer,31308
Person_423,69,Male,UK,Developer,129781
Person_424,49,Female,France,Engineer,82522
Person_425,19,Male,Japan,Nurse,143523
Person_426,64,Female,Japan,Engineer,65671
Person_427,31,Male,Canada,Nurse,110306
Person_428,37,Female,India,Student,114108
Person_429,39,Male,Canada,Engineer,126984
Person_430,28,Male,Canada,Developer,22204
Person_431,44,Male,France,Teacher,112769
Person_432,20,Female,Japan,Artist,107265
Person_433,34,Female,India,Teacher,51131
Person_434,79,Male,Australia,Engineer,72428
Person_435,61,Male,France,Teacher,53870
Person_436,73,Female,Canada,Developer,123547
Person_437,45,Male,Canada,Developer,124918
Person_438,46,Female,Australia,Engineer,69067
Person_439,38,Female,Canada,Student,78585
Person_440,64,Male,Canada,Teacher,127011
Person_441,33,Male,Canada,Student,132217
Person_442,54,Other,Germany,Student,41607
Person_443,76,Male,France,Nurse,44968
Person_444,37,Male,USA,Doctor,118934
Person_445,23,Female,France,Engineer,31908
Person_446,36,Female,Australia,Artist,46423
Person_447,74,Other,Canada,Developer,129151
Person_448,22,Female,France,Developer,94707
Person_449,20,Male,Germany,Engineer,98257
Person_450,76,Male,Japan,Nurse,146282
Person_451,18,Female,Australia,Manager,81215
Person_452,75,Female,UK,Manager,75835
Person_453,77,Male,France,Manager,69429
Person_454,55,Female,UK,Nurse,102152
Person_455,32,Male,Canada,Artist,128048
Person_456,51,Female,Germany,Developer,58458
Person_457,78,Male,Germany,Engineer,66169
Person_458,52,Male,France,Nurse,27659
Person_459,66,Male,Australia,Developer,80614
Person_460,42,Male,Australia,Student,128905
Person_461,41,Male,Germany,Teacher,97240
Person_462,29,Female,Australia,Teacher,52793
Person_463,35,Female,Germany,Nurse,133688
Person_464,32,Female,France,Developer,66473
Person_465,61,Other,USA,Doctor,116762
Person_466,33,Male,Germany,Artist,109388
Person_467,44,Male,UK,Manager,117618
Person_468,25,Female,Australia,Artist,108330
Person_469,77,Male,Germany,Artist,126956
Person_470,63,Other,Germany,Nurse,138452
Person_471,42,Male,France,Student,75751
Person_472,34,Other,Australia,Artist,146311
Person_473,46,Male,USA,Teacher,98915
Person_474,70,Female,France,Student,74254
Person_475,25,Female,USA,Engineer,27006
Person_476,32,Other,Japan,Artist,138171
Person_477,44,Male,France,Artist,136682
Person_478,63,Female,Australia,Engineer,94218
Person_479,67,Other,India,Artist,85344
Person_480,69,Female,Australia,Engineer,53840
Person_481,24,Female,Australia,Student,52430
Person_482,20,Female,USA,Teacher,43091
Person_483,46,Male,USA,Engineer,146053
Person_484,61,Female,Australia,Doctor,52983
Person_485,70,Female,Australia,Nurse,43989
Person_486,41,Female,Australia,Nurse,95451
Person_487,77,Male,USA,Engineer,128088
Person_488,75,Male,Australia,Nurse,38990
Person_489,20,Female,Australia,Artist,110270
Person_490,37,Female,Japan,Manager,100360
Person_491,63,Male,Canada,Manager,139469
Person_492,32,Female,India,Nurse,56081
Person_493,42,Male,UK,Student,31033
Person_494,47,Male,India,Developer,128272
Person_495,31,Male,Canada,Student,36241
Person_496,24,Male,UK,Developer,144932
Person_497,34,Female,France,Manager,142451
Person_498,79,Male,Australia,Manager,25939
Person_499,61,Other,Canada,Engineer,133000
Person_500,37,Other,Japan,Teacher,67562
Person_501,53,Female,France,Doctor,55063
Person_502,26,Female,Australia,Student,140373
Person_503,55,Male,USA,Artist,120000
Person_504,65,Female,Germany,Developer,96721
Person_505,74,Female,Canada,Nurse,47045
Person_506,77,Male,USA,Artist,136634
Person_507,39,Female,Canada,Teacher,64769
Person_508,71,Female,Japan,Developer,67118
Person_509,70,Female,Canada,Student,104703
Person_510,70,Female,USA,Engineer,121948
Person_511,19,Female,Japan,Artist,41625
Person_512,41,Male,UK,Teacher,124724
Person_513,25,Female,India,Student,148557
Person_514,28,Female,Australia,Manager,47076
Person_515,30,Male,Canada,Manager,142245
Person_516,34,Male,Australia,Student,84805
Person_517,25,Male,Germany,Student,64605
Person_518,38,Female,USA,Student,104565
Person_519,35,Other,Australia,Developer,108509
Person_520,47,Male,USA,Student,59121
Person_521,35,Female,Australia,Artist,85101
Person_522,63,Male,India,Teacher,51433
Person_523,64,Other,India,Developer,63309
Person_524,48,Female,Japan,Student,87468
Person_525,55,Female,India,Doctor,64254
Person_526,49,Male,Japan,Nurse,87293
Person_527,28,Male,India,Doctor,116258
Person_528,62,Male,India,Teacher,57853
Person_529,42,Male,India,Manager,58405
Person_530,50,Female,USA,Engineer,86652
Person_531,77,Female,Canada,Engineer,63527
Person_532,55,Other,Japan,Nurse,97227
Person_533,58,Other,Australia,Manager,20492
Person_534,25,Female,India,Developer,113418
Person_535,28,Female,USA,Developer,28811
Person_536,39,Female,USA,Developer,113344
Person_537,68,Female,USA,Engineer,44272
Person_538,41,Male,Japan,Doctor,113935
Person_539,58,Male,Canada,Engineer,92010
Person_540,34,Male,Japan,Artist,112492
Person_541,29,Female,Australia,Student,67153
Person_542,74,Female,Canada,Developer,128042
Person_543,63,Male,UK,Doctor,74110
Person_544,49,Female,France,Teacher,33979
Person_545,32,Female,USA,Nurse,130059
Person_546,33,Male,Japan,Teacher,128101
Person_547,71,Male,UK,Student,48328
Person_548,39,Female,Germany,Doctor,132911
Person_549,45,Female,Japan,Engineer,32867
Person_550,37,Female,India,Engineer,79234
Person_551,50,Female,France,Artist,45851
Person_552,27,Female,India,Artist,51279
Person_553,57,Female,Canada,Engineer,137431
Person_554,49,Female,France,Teacher,116063
Person_555,67,Female,Japan,Nurse,93402
Person_556,77,Male,Australia,Developer,35449
Person_557,50,Male,UK,Teacher,96221
Person_558,19,Male,Australia,Nurse,109080
Person_559,50,Female,Japan,Artist,25451
Person_560,50,Female,Canada,Student,107178
Person_561,58,Female,India,Nurse,61316
Person_562,30,Male,France,Engineer,83064
Person_563,47,Male,Australia,Artist,83761
Person_564,50,Male,Japan,Artist,125490
Person_565,30,Male,Australia,Developer,58870
Person_566,69,Female,Japan,Engineer,116566
Person_567,43,Male,India,Developer,143749
Person_568,39,Male,France,Engineer,143765
Person_569,56,Female,UK,Developer,144881
Person_570,19,Male,India,Nurse,50873
Person_571,55,Female,Australia,Teacher,148389
Person_572,56,Female,UK,Student,78627
Person_573,43,Male,Japan,Student,86155
Person_574,63,Female,UK,Engineer,119186
Person_575,75,Female,Japan,Doctor,45372
Person_576,67,Female,India,Manager,23642
Person_577,32,Male,Australia,Artist,149148
Person_578,51,Female,Canada,Artist,48001
Person_579,59,Female,Australia,Engineer,54064
Person_580,72,Male,Japan,Nurse,114826
Person_581,61,Male,USA,Developer,34122
Person_582,66,Other,France,Doctor,44820
Person_583,57,Female,Germany,Teacher,88431
Person_584,28,Male,Canada,Developer,75745
Person_585,78,Female,UK,Developer,70081
Person_586,20,Male,Canada,Engineer,90902
Person_587,76,Male,France,Engineer,28711
Person_588,23,Male,UK,Nurse,105132
Person_589,26,Male,France,Artist,38793
Person_590,23,Male,UK,Engineer,28199
Person_591,26,Male,Canada,Engineer,96253
Person_592,56,Female,UK,Engineer,56191
Person_593,48,Male,UK,Nurse,30211
Person_594,49,Male,USA,Artist,131086
Person_595,58,Female,Australia,Teacher,83069
Person_596,67,Male,Australia,Teacher,108896
Person_597,29,Female,Germany,Manager,76746
Person_598,25,Male,Germany,Manager,41542
Person_599,25,Male,Japan,Engineer,51312
Person_600,67,Male,Japan,Manager,65242
Person_601,45,Male,Japan,Artist,121971
Person_602,79,Male,USA,Nurse,113783
Person_603,37,Male,Germany,Teacher,145681
Person_604,79,Male,France,Developer,107893
Person_605,64,Male,Japan,Teacher,75388
Person_606,76,Male,Japan,Teacher,126581
Person_607,24,Male,Canada,Artist,47691
Person_608,28,Male,India,Manager,97960
Person_609,37,Female,France,Developer,104388
Person_610,33,Female,Japan,Artist,42601
Person_611,21,Male,Japan,Engineer,138307
Person_612,23,Female,Japan,Nurse,38020
Person_613,75,Female,India,Student,28155
Person_614,39,Male,India,Teacher,89119
Person_615,43,Female,USA,Student,101051
Person_616,20,Female,France,Nurse,56777
Person_617,58,Male,USA,Nurse,39710
Person_618,77,Male,UK,Artist,128714
Person_619,59,Female,India,Artist,44532
Person_620,31,Female,Canada,Artist,148727
Person_621,28,Male,Germany,Student,38601
Person_622,35,Male,Canada,Artist,83227
Person_623,71,Male,Germany,Nurse,24967
Person_624,29,Female,India,Engineer,104289
Person_625,40,Female,India,Artist,40022
Person_626,29,Male,India,Doctor,63463
Person_627,30,Male,USA,Manager,94671
Person_628,42,Female,France,Student,25722
Person_629,62,Male,Germany,Doctor,47413
Person_630,68,Male,France,Artist,112772
Person_631,75,Female,USA,Nurse,101050
Person_632,36,Female,USA,Engineer,129432
Person_633,72,Female,Australia,Teacher,122748
Person_634,63,Female,Canada,Developer,125922
Person_635,53,Male,Canada,Manager,105867
Person_636,62,Male,UK,Developer,103596
Person_637,25,Female,Japan,Artist,86732
Person_638,46,Male,USA,Manager,32297
Person_639,72,Male,Germany,Manager,88323
Person_640,70,Male,Australia,Engineer,43816
Person_641,72,Male,Australia,Manager,144341
Person_642,49,Male,Japan,Student,60695
Person_643,68,Male,France,Doctor,39702
Person_644,61,Male,Japan,Doctor,45242
Person_645,35,Male,Japan,Doctor,75841
Person_646,23,Female,Japan,Student,148498
Person_647,35,Female,Canada,Developer,87712
Person_648,36,Female,USA,Engineer,105663
Person_649,39,Female,UK,Manager,127096
Person_650,54,Female,USA,Student,112764
Person_651,49,Male,France,Doctor,73574
Person_652,73,Female,India,Artist,105744
Person_653,58,Female,Japan,Teacher,48482
Person_654,76,Female,USA,Manager,29171
Person_655,20,Male,France,Student,120755
Person_656,45,Male,India,Nurse,118932
Person_657,27,Male,India,Student,128125
Person_658,68,Male,Japan,Engineer,126082
Person_659,52,Female,UK,Engineer,23696
Person_660,78,Female,Germany,Student,146310
Person_661,46,Male,Canada,Doctor,40058
Person_662,71,Other,USA,Teacher,40313
Person_663,32,Female,India,Manager,39149
Person_664,50,Male,USA,Engineer,73521
Person_665,24,Male,Germany,Manager,65740
Person_666,29,Male,Canada,Doctor,126611
Person_667,66,Male,Germany,Manager,24956
Person_668,47,Male,Canada,Artist,95731
Person_669,38,Male,Australia,Engineer,102612
Person_670,48,Male,Canada,Doctor,137850
Person_671,75,Male,Japan,Doctor,86641
Person_672,78,Female,UK,Teacher,83811
Person_673,41,Male,Germany,Teacher,72160
Person_674,37,Female,India,Artist,71313
Person_675,54,Male,Japan,Doctor,83232
Person_676,21,Other,Australia,Developer,35417
Person_677,45,Male,UK,Doctor,44729
Person_678,61,Male,USA,Teacher,132492
Person_679,79,Other,Japan,Developer,50099
Person_680,37,Female,Germany,Engineer,138387
Person_681,77,Female,France,Engineer,118134
Person_682,41,Male,France,Manager,49961
Person_683,67,Male,India,Student,32602
Person_684,66,Female,Canada,Teacher,138474
Person_685,68,Female,India,Student,29256
Person_686,49,Female,France,Developer,106120
Person_687,58,Female,USA,Teacher,132516
Person_688,53,Male,Australia,Artist,54681
Person_689,75,Female,Australia,Doctor,111328
Person_690,70,Male,Germany,Artist,107440
Person_691,51,Male,Australia,Developer,84789
Person_692,53,Male,Germany,Teacher,63361
Person_693,19,Female,Japan,Nurse,84503
Person_694,32,Male,Germany,Developer,54540
Person_695,51,Male,Japan,Nurse,46536
Person_696,53,Female,Germany,Doctor,104700
Person_697,23,Male,France,Engineer,83043
Person_698,56,Female,France,Engineer,98532
Person_699,59,Male,Canada,Developer,76575
Person_700,68,Female,Japan,Student,147626
Person_701,68,Female,UK,Teacher,22871
Person_702,75,Male,Japan,Teacher,66002
Person_703,71,Male,Germany,Engineer,69812
Person_704,78,Male,Germany,Manager,42626
Person_705,29,Male,UK,Artist,79979
Person_706,20,Other,India,Manager,96057
Person_707,62,Male,Germany,Doctor,146834
Person_708,35,Female,Canada,Artist,128946
Person_709,57,Male,Australia,Artist,86668
Person_710,38,Female,Australia,Developer,119003
Person_711,32,Female,USA,Engineer,100070
Person_712,50,Female,USA,Manager,109390
Person_713,52,Male,Australia,Manager,62998
Person_714,43,Male,Australia,Engineer,83814
Person_715,25,Male,France,Manager,124601
Person_716,53,Female,Canada,Nurse,65607
Person_717,65,Female,UK,Engineer,27812
Person_718,47,Other,USA,Developer,81844
Person_719,40,Male,France,Student,90093
Person_720,59,Female,France,Artist,22179
Person_721,61,Female,UK,Developer,63798
Person_722,31,Male,France,Teacher,94601
Person_723,31,Male,Japan,Doctor,28275
Person_724,19,Female,Canada,Student,70574
Person_725,72,Female,Australia,Teacher,67857
Person_726,54,Female,Germany,Artist,145555
Person_727,22,Male,UK,Manager,121484
Person_728,55,Female,Australia,Engineer,40700
Person_729,62,Male,Australia,Artist,146855
Person_730,58,Male,India,Developer,59464
Person_731,79,Male,Japan,Doctor,62351
Person_732,71,Female,UK,Developer,113330
Person_733,77,Female,France,Student,114319
Person_734,78,Female,Germany,Student,102534
Person_735,64,Male,UK,Doctor,33869
Person_736,31,Female,France,Nurse,80315
Person_737,73,Male,Australia,Teacher,130061
Person_738,56,Female,Germany,Teacher,113688
Person_739,42,Male,France,Student,40954
Person_740,37,Male,Canada,Student,51555
Person_741,19,Male,France,Manager,83353
Person_742,56,Male,India,Engineer,102190
Person_743,23,Female,Japan,Manager,65026
Person_744,34,Female,Australia,Manager,120772
Person_745,76,Male,France,Nurse,66976
Person_746,42,Female,Japan,Teacher,100578
Person_747,74,Male,USA,Nurse,111502
Person_748,45,Female,USA,Nurse,133943
Person_749,19,Female,Japan,Doctor,129850
Person_750,52,Female,Japan,Teacher,65095
Person_751,54,Male,India,Engineer,34270
Person_752,22,Female,Canada,Developer,50908
Person_753,18,Female,Australia,Student,35523
Person_754,57,Male,UK,Student,82433
Person_755,29,Male,India,Engineer,67068
Person_756,73,Female,Canada,Nurse,39991
Person_757,53,Female,Japan,Manager,30775
Person_758,62,Female,UK,Doctor,97801
Person_759,40,Female,Japan,Nurse,104995
Person_760,64,Female,Japan,Student,81250
Person_761,48,Male,USA,Artist,36673
Person_762,28,Male,USA,Manager,142808
Person_763,27,Male,UK,Student,47056
Person_764,20,Female,India,Artist,26614
Person_765,71,Male,USA,Nurse,121556
Person_766,31,Female,Australia,Engineer,27415
Person_767,33,Female,Japan,Engineer,108691
Person_768,27,Female,Germany,Manager,134966
Person_769,46,Male,France,Student,63884
Person_770,27,Female,UK,Teacher,36964
Person_771,29,Male,UK,Artist,57726
Person_772,47,Female,USA,Doctor,143133
Person_773,58,Male,India,Student,57044
Person_774,18,Male,Japan,Doctor,77149
Person_775,22,Female,Australia,Student,57544
Person_776,37,Male,India,Teacher,69976
Person_777,25,Male,Canada,Teacher,52252
Person_778,60,Female,Canada,Manager,23832
Person_779,29,Female,Germany,Manager,110811
Person_780,18,Female,USA,Teacher,100437
Person_781,74,Female,USA,Developer,123749
Person_782,71,Female,USA,Teacher,54148
Person_783,37,Male,Germany,Engineer,81240
Person_784,45,Male,Canada,Engineer,128169
Person_785,74,Male,India,Developer,145607
Person_786,60,Female,Germany,Nurse,108454
Person_787,54,Female,Germany,Artist,132230
Person_788,64,Male,India,Nurse,148933
Person_789,54,Male,USA,Doctor,105076
Person_790,29,Female,Australia,Nurse,97116
Person_791,54,Male,India,Student,73459
Person_792,66,Female,Canada,Nurse,58402
Person_793,66,Female,UK,Student,77727
Person_794,73,Female,Japan,Developer,58578
Person_795,61,Male,UK,Engineer,110453
Person_796,73,Female,France,Manager,42318
Person_797,45,Female,France,Student,95715
Person_798,64,Female,Germany,Engineer,97787
Person_799,32,Female,Japan,Artist,131435
Person_800,23,Female,UK,Doctor,105029
Person_801,61,Female,Australia,Artist,40466
Person_802,76,Male,USA,Developer,115742
Person_803,78,Female,Canada,Nurse,65475
Person_804,37,Female,France,Nurse,80142
Person_805,67,Male,Australia,Teacher,105160
Person_806,31,Female,Canada,Teacher,46564
Person_807,19,Female,Canada,Teacher,42412
Person_808,26,Female,USA,Artist,113526
Person_809,54,Male,Japan,Student,71001
Person_810,37,Male,Germany,Doctor,77649
Person_811,43,Other,UK,Teacher,80957
Person_812,46,Female,USA,Developer,55517
Person_813,18,Male,Australia,Developer,33156
Person_814,72,Female,Germany,Teacher,43064
Person_815,52,Female,Australia,Nurse,45711
Person_816,23,Female,Germany,Teacher,50106
Person_817,54,Female,Japan,Doctor,85458
Person_818,70,Male,France,Teacher,36589
Person_819,76,Male,Australia,Doctor,109272
Person_820,22,Male,USA,Developer,106511
Person_821,50,Female,Germany,Teacher,121754
Person_822,66,Male,Germany,Artist,27214
Person_823,68,Male,Canada,Manager,116117
Person_824,31,Male,Canada,Artist,105731
Person_825,29,Female,India,Developer,130118
Person_826,59,Female,Australia,Doctor,146479
Person_827,37,Male,Canada,Artist,47127
Person_828,70,Male,India,Doctor,25141
Person_829,67,Female,France,Artist,48884
Person_830,41,Male,France,Artist,110421
Person_831,76,Male,Canada,Doctor,22708
Person_832,60,Male,Australia,Student,38375
Person_833,79,Male,Germany,Artist,35088
Person_834,51,Male,UK,Teacher,77615
Person_835,42,Female,Japan,Manager,130138
Person_836,67,Male,Australia,Developer,65046
Person_837,46,Female,Japan,Student,30014
Person_838,74,Male,USA,Doctor,84425
Person_839,56,Female,France,Student,23273
Person_840,48,Female,Canada,Engineer,67135
Person_841,73,Male,Canada,Engineer,122842
Person_842,64,Female,Japan,Artist,50881
Person_843,60,Male,Germany,Artist,117022
Person_844,67,Other,Japan,Teacher,98077
Person_845,40,Male,USA,Manager,28712
Person_846,61,Male,Germany,Developer,94704
Person_847,55,Male,USA,Student,72874
Person_848,37,Other,UK,Engineer,89087
Person_849,40,Female,France,Artist,32297
Person_850,79,Female,Canada,Nurse,129269
Person_851,62,Male,Canada,Nurse,47128
Person_852,69,Female,UK,Developer,88368
Person_853,33,Male,India,Student,114019
Person_854,67,Female,France,Artist,107599
Person_855,59,Male,Germany,Artist,108499
Person_856,77,Male,UK,Engineer,98958
Person_857,72,Male,Germany,Engineer,52920
Person_858,25,Male,Japan,Artist,140442
Person_859,67,Female,Australia,Doctor,31156
Person_860,38,Male,Canada,Artist,31108
Person_861,18,Female,Germany,Developer,51845
Person_862,72,Male,USA,Artist,22800
Person_863,25,Female,Germany,Teacher,148832
Person_864,46,Male,Australia,Manager,123614
Person_865,49,Male,France,Teacher,62712
Person_866,55,Female,Canada,Teacher,22610
Person_867,22,Male,Japan,Doctor,97603
Person_868,64,Male,UK,Doctor,53872
Person_869,39,Female,Japan,Nurse,30728
Person_870,64,Female,Australia,Artist,115102
Person_871,51,Male,Canada,Teacher,115319
Person_872,18,Male,Germany,Doctor,142049
Person_873,72,Female,France,Engineer,40583
Person_874,72,Male,India,Artist,105774
Person_875,43,Male,France,Developer,27263
Person_876,60,Male,India,Manager,146374
Person_877,27,Female,USA,Student,87450
Person_878,47,Female,France,Artist,109285
Person_879,67,Male,Canada,Student,39456
Person_880,35,Male,India,Teacher,111118
Person_881,34,Male,UK,Manager,85942
Person_882,43,Female,Canada,Student,33689
Person_883,25,Male,UK,Teacher,52934
Person_884,64,Male,France,Engineer,53276
Person_885,57,Female,UK,Student,136349
Person_886,66,Male,India,Manager,149336
Person_887,29,Female,Canada,Nurse,121968
Person_888,44,Male,Germany,Artist,39873
Person_889,25,Male,Australia,Teacher,33050
Person_890,42,Male,India,Artist,86216
Person_891,63,Female,India,Manager,104444
Person_892,21,Female,Germany,Doctor,104040
Person_893,50,Female,Canada,Teacher,41644
Person_894,18,Male,Canada,Student,82021
Person_895,36,Female,Japan,Teacher,57125
Person_896,48,Male,France,Artist,86899
Person_897,33,Male,UK,Engineer,62291
Person_898,31,Female,France,Teacher,55060
Person_899,70,Male,Germany,Student,21538
Person_900,65,Male,France,Doctor,56176
Person_901,22,Male,Germany,Nurse,142430
Person_902,58,Male,Canada,Developer,61520
Person_903,43,Male,UK,Engineer,45675
Person_904,79,Female,France,Nurse,38287
Person_905,45,Male,India,Doctor,20174
Person_906,19,Female,USA,Teacher,112268
Person_907,67,Female,Japan,Artist,54998
Person_908,23,Male,Australia,Manager,122591
Person_909,26,Male,India,Artist,73312
Person_910,50,Male,Canada,Nurse,32112
Person_911,58,Female,Australia,Student,125410
Person_912,42,Male,USA,Artist,95225
Person_913,65,Female,USA,Engineer,64814
Person_914,30,Male,UK,Artist,105091
Person_915,26,Female,Australia,Student,70719
Person_916,70,Male,UK,Developer,149887
Person_917,30,Male,India,Teacher,53919
Person_918,48,Female,Germany,Manager,93155
Person_919,58,Female,Germany,Nurse,91569
Person_920,28,Male,Germany,Teacher,61328
Person_921,21,Female,Australia,Artist,90482
Person_922,51,Female,Germany,Doctor,44618
Person_923,78,Female,India,Teacher,54675
Person_924,55,Female,UK,Developer,121794
Person_925,63,Male,Australia,Artist,38919
Person_926,21,Male,UK,Manager,24173
Person_927,55,Male,Australia,Student,129369
Person_928,36,Female,UK,Developer,46400
Person_929,23,Female,USA,Artist,70445
Person_930,51,Male,UK,Developer,90305
Person_931,35,Male,Germany,Teacher,57564
Person_932,30,Female,USA,Manager,65814
Person_933,58,Other,UK,Student,99747
Person_934,40,Female,Australia,Artist,108791
Person_935,36,Male,Australia,Engineer,47962
Person_936,62,Male,Japan,Nurse,104892
Person_937,28,Male,Australia,Student,105842
Person_938,18,Female,Canada,Engineer,90533
Person_939,41,Male,India,Developer,76184
Person_940,79,Female,Australia,Doctor,102912
Person_941,71,Male,USA,Student,126416
Person_942,24,Female,Japan,Developer,123591
Person_943,42,Female,Australia,Engineer,30578
Person_944,38,Female,Canada,Teacher,38624
Person_945,32,Male,Germany,Teacher,136164
Person_946,18,Male,USA,Doctor,59194
Person_947,29,Male,Canada,Nurse,129903
Person_948,75,Female,Germany,Student,20389
Person_949,24,Female,France,Student,119303
Person_950,32,Female,France,Student,131116
Person_951,38,Female,USA,Nurse,133903
Person_952,36,Female,UK,Developer,87391
Person_953,77,Male,India,Manager,126429
Person_954,46,Female,Japan,Manager,33794
Person_955,42,Male,India,Doctor,78002
Person_956,50,Male,Canada,Student,55531
Person_957,66,Female,Germany,Developer,72815
Person_958,49,Male,India,Teacher,24986
Person_959,66,Male,Germany,Engineer,52298
Person_960,52,Female,Germany,Developer,21481
Person_961,61,Male,Canada,Nurse,76408
Person_962,55,Female,Canada,Manager,89267
Person_963,43,Male,Canada,Manager,141950
Person_964,28,Male,India,Teacher,36835
Person_965,52,Male,France,Teacher,145355
Person_966,25,Male,Canada,Nurse,47798
Person_967,63,Female,Japan,Engineer,111649
Person_968,31,Male,India,Teacher,84887
Person_969,27,Female,Canada,Doctor,39477
Person_970,19,Male,Australia,Engineer,37266
Person_971,63,Female,Germany,Teacher,106328
Person_972,26,Female,Japan,Artist,105988
Person_973,20,Female,Canada,Developer,147815
Person_974,38,Male,USA,Teacher,63526
Person_975,43,Male,Germany,Doctor,137965
Person_976,25,Male,Germany,Student,134615
Person_977,65,Female,Canada,Teacher,126870
Person_978,19,Male,France,Manager,147426
Person_979,23,Female,UK,Manager,31889
Person_980,45,Female,France,Manager,44335
Person_981,70,Male,Canada,Student,31254
Person_982,46,Female,Germany,Manager,106610
Person_983,43,Male,Japan,Artist,31442
Person_984,42,Male,USA,Teacher,66289
Person_985,29,Female,Japan,Nurse,73747
Person_986,22,Female,Japan,Manager,57327
Person_987,51,Female,Germany,Engineer,36199
Person_988,65,Male,France,Nurse,92827
Person_989,54,Male,USA,Student,126464
Person_990,32,Female,India,Artist,20112
Person_991,61,Female,Australia,Engineer,107051
Person_992,53,Female,Germany,Engineer,39581
Person_993,32,Male,Canada,Engineer,134228
Person_994,60,Female,India,Engineer,79722
Person_995,65,Male,Australia,Nurse,112036
Person_996,40,Male,Canada,Nurse,117562
Person_997,23,Female,Japan,Teacher,36523
Person_998,63,Male,UK,Manager,86960
Person_999,67,Female,Canada,Developer,137637
Person_1000,61,Male,USA,Teacher,39552
